latin_species,n
Acanthagenys rufogularis,2
Acanthis cabaret,1
Acanthis cannabina,1
Acanthis flammea,5
Acanthis hornemanni,4
Acanthiza apicalis,2
Acanthiza chrysorrhoa,2
Acanthiza ewingii,2
Acanthiza inornata,2
Acanthiza iredalei,2
Acanthiza katherina,2
Acanthiza lineata,2
Acanthiza nana,2
Acanthiza pusilla,2
Acanthiza reguloides,2
Acanthiza robustirostris,2
Acanthiza uropygialis,2
Acanthorhynchus superciliosus,2
Acanthorhynchus tenuirostris,2
Acanthornis magnus,1
Accipiter bicolor,1
Accipiter brevipes,1
Accipiter cirrhocephalus,2
Accipiter cooperii,3
Accipiter fasciatus,2
Accipiter gentilis,9
Accipiter nisus,9
Accipiter novaehollandiae,2
Accipiter striatus,3
Acridotheres cristatellus,2
Acridotheres tristis,4
Acridotheres tristris,1
Acrocepalus palustris,1
Acrocephalus agricola,2
Acrocephalus arundinaceus,6
Acrocephalus baeticatus,1
Acrocephalus dumetorum,2
Acrocephalus melanopogon,1
Acrocephalus orientalis,1
Acrocephalus paludicola,1
Acrocephalus palustris,3
Acrocephalus schoenobaenus,8
Acrocephalus scirpaceus,7
Acrocephalus stentoreus,2
Acrocephaus scirpaceus,1
Actinodura ramsayi,1
Actinodura souliei,1
Actitis hypoleucos,10
Actitis macularia,1
Actitis macularius,4
Aechmolophus mexicanus,1
Aechmophorus clarkii,3
Aechmophorus occidentalis,3
Aegithalos caudatus,10
Aegithalos concinnus,1
Aegolius acadicus,3
Aegolius funereus,6
Aegolius ridgwayi,1
Aegotheles cristatus,2
Aegypius monachus,1
Aerodramus spodiopygia,1
Aerodramus spodiopygius,1
Aerodramus vanikorensis,1
Aeronautes saxatalis,3
Aethia cristatella,2
Aethia psittacula,3
Aethia pusilla,2
Aethia pygmaea,2
Aethopyga ignicauda,1
Agamia agami,1
Agapornis roseicollis,1
Agelaius phoeniceus,3
Agelaius tricolor,3
Agriocharis ocellata,1
Ailuroedus crassirostris,2
Ailuroedus melanotis,2
Aimophila botterii,1
Aimophila carpalis,1
Aimophila humeralis,1
Aimophila mystacalis,1
Aimophila quinquestriata,1
Aimophila rufescens,1
Aimophila ruficauda,1
Aimophila ruficeps,4
Aimophila sumichrasti,1
Aix galericulata,5
Aix sponsa,4
Alanda arvensis,3
Alauda arvensis,10
Alca torda,10
Alcedo atthis,10
Alcedo azurea,2
Alcedo cristata,1
Alcedo pusilla,2
Alcedo semitorquata,1
Alcippe morrisonia,1
Alectoris barbara,1
Alectoris chukar,5
Alectoris graeca,1
Alectoris rufa,5
Alectors rufa,3
Alectura lathami,2
Alisterus scapularis,2
Alle alle,6
Alopochen aegyptiaca,3
Alopochen aegyptiacus,2
Alopochen aegyptica,1
Amandava subflava,1
Amaurornis olivacea,1
Amaurornis olivaceus,1
Amaurornis phoenicurus,1
Amazilia beryllina,2
Amazilia candida,1
Amazilia cyanura,1
Amazilia tzacatl,1
Amazilia violiceps,2
Amazilia yucatanensis,4
Amazona albifrons,2
Amazona amazonica,1
Amazona autumnalis,2
Amazona farinosa,1
Amazona finschi,2
Amazona ochrocephala,1
Amazona oratrix,2
Amazona viridigenalis,3
Amblycercus holosericeus,1
Ammodramus bairdii,2
Ammodramus caudacutus,2
Ammodramus henslowii,2
Ammodramus leconteii,2
Ammodramus maritimus,2
Ammodramus nelsoni,2
Ammodramus savannarum,3
Ammospiza caudacuta,1
Ammospiza leconteii,1
Ammospiza maritima,1
Ammospiza nelsoni,1
Amphispiza bilineata,3
Amphispiza quinquestriata,2
Amytornis ballarae,1
Amytornis barbatus,2
Amytornis dorotheae,2
Amytornis goyderi,2
Amytornis housei,2
Amytornis merrotsyi,1
Amytornis purnelli,2
Amytornis striatus,2
Amytornis textilis,2
Amytornis woodwardi,2
Anabacerthia variegaticeps,1
Anas acuta,12
Anas americana,4
Anas bahamensis,1
Anas carolinensis,1
Anas castanea,1
Anas clypeata,11
Anas crecca,12
Anas cyanoptera,2
Anas discors,3
Anas falcata,1
Anas formosa,2
Anas fulvigula,3
Anas gracilis,1
Anas penelope,10
Anas platyrhynchos,14
Anas querquedula,10
Anas rhychotis,1
Anas rubripes,4
Anas strepera,9
Anas Strepera,1
Anas superciliosa,1
Anas zonorhyncha,2
Andropadus importunus,1
Anhinga anhinga,3
Anhinga melanogaster,2
Anous minutus,3
Anous stolidus,3
Anous tenuirostris,2
Anser albifrons,9
Anser anser,10
Anser brachyrhynchus,7
Anser caerulescens,3
Anser canagicus,1
Anser cygnoides,1
Anser erythropus,3
Anser fabalis,6
Anser fabilis,1
Anser indicus,1
Anser rossii,1
Anser serrirostris,2
Anseranas semipalmata,1
Anthochaera carunculata,2
Anthochaera chrysoptera,1
Anthochaera lunulata,2
Anthochaera paradoxa,2
Anthracothorax prevostii,2
Anthus caffer,1
Anthus campestris,4
Anthus cervinus,5
Anthus cinnamomeus,1
Anthus godlewskii,1
Anthus gustavi,4
Anthus hodgsoni,4
Anthus lineiventris,1
Anthus novaeseelandiae,3
Anthus petrosus,5
Anthus pratensi,1
Anthus pratensis,8
Anthus richardi,1
Anthus rubescens,4
Anthus spinoletta,3
Anthus spinoletta (petrosus group),1
Anthus spinoletta spinoletta,1
Anthus spragueii,3
Anthus trivialis,6
Anthus vaalensis,1
Antigone canadensis,2
Antrostomus arizonae,2
Antrostomus carolinensis,3
Antrostomus ridgwayi,2
Antrostomus vociferus,3
Apalis flavida,1
Apalis ruddi,1
Apalis thoracica,1
Apaloderma narina,1
Aphelocephala leucopis,1
Aphelocephala leucopsis,1
Aphelocephala nigricincta,2
Aphelocephala pectoralis,2
Aphelocoma californica,3
Aphelocoma coerulescens,4
Aphelocoma insularis,2
Aphelocoma ultramarina,1
Aphelocoma unicolor,1
Aphelocoma wollweberi,3
Aphelocoma woodhouseii,2
Aplonis metallica,2
Aprosmictus erythropterus,2
Aptenodytes patagonicus,1
Apus affinis,3
Apus apus,11
Apus melba,2
Apus pacificus,5
Apus pallidus,2
Aquila audax,2
Aquila chrysactos,1
Aquila chrysaetos,7
Aquila crysaetos,1
Aquila gurneyi,1
Ara macao,1
Ara militaris,1
Ara severus,2
Arachnothera magna,1
Aramides cajanea,1
Aramus guarauna,3
Aratinga astec,1
Aratinga canicularis,1
Aratinga holochlora,1
Aratinga nenday,2
Aratinga weddellii,1
Archilochus alexandri,3
Archilochus colubris,4
Ardea (Egrett) sacra,1
Ardea (Egretta) garzetta,1
Ardea alba,8
Ardea cinera,1
Ardea cinerea,11
Ardea garzetta,1
Ardea herodias,3
Ardea ibis,2
Ardea intermedia,2
Ardea novaehollandiae,2
Ardea pacifica,2
Ardea picata,2
Ardea purpurea,3
Ardea sacra,1
Ardea sumatrana,2
Ardena carneipes,1
Ardena grisea,1
Ardenna bulleri,1
Ardenna creatopus,1
Ardenna gravis,1
Ardenna pacifica,1
Ardenna tenuirostris,1
Ardeola ralloides,1
Ardeola striatus,1
Ardeotis australis,1
Ardeotis kori,1
Ardeotis koris,1
Arenaria interpres,12
Arenaria melanocephala,3
Arremon aurantiirostris,1
Arremonops chloronotus,1
Arremonops rufivirgatus,4
Arses kaupi,2
Arses lorealis,1
Arses telescophthalmus,1
Artamus cinereus,2
Artamus cyanopterus,2
Artamus leucorhynchus,1
Artamus leucorynchus,1
Artamus minor,2
Artamus personatus,2
Artamus superciliosus,2
Artemisiospiza belli,3
Artemisiospiza nevadensis,3
Ashbyia lovensis,2
Asio capensis,1
Asio flammeus,10
Asio otus,9
Asio stygius,1
Aspatha gularis,1
Athene cunicularia,3
Athene noctua,7
Atlapetes brunneinucha,1
Atlapetes pileatus,1
Atrichornis clamosus,1
Atrichornis rufescens,2
Attila spadiceus,1
Aulacorhynchus prasinus,1
Auriparus flaviceps,2
Automolus ochrolaemus,1
Automolus rubiginosus,1
Avicdea subcristata,1
Aviceda subcristata,1
Aythya affinis,4
Aythya americana,4
Aythya australis,2
Aythya collaris,4
Aythya ferina,9
Aythya fuligula,10
Aythya marila,7
Aythya nyroca,1
Aythya valisineria,4
Babax lanceolatus,1
Baeolophus atricristatus,3
Baeolophus bicolor,3
Baeolophus inornatus,3
Baeolophus ridgwayi,2
Baeolophus rigwayi,1
Baeolophus wollweberi,3
Barnardius barnardi,1
Barnardius zonarius,1
Barnardius zonarius barnardi,1
Barnardius zonarius macgillivrayi,1
Barnardius zonarius semitorquatus,1
Barnardius zonarius zonarius,1
Bartramia longicauda,6
Basileuterus belli,1
Basileuterus culcivorus,1
Basileuterus culicivorus,2
Basileuterus delatrii,1
Basileuterus lachrymosus,1
Basileuterus rufifrons,2
Basileuterus rusifrons,1
Batis molitor,1
Biziura lobata,1
Bolborhynchus lineola,1
Bombycilla cedrorum,4
Bombycilla garrulus,10
Bonasa bonasia,1
Bonasa umbellus,3
Bostrychia hagedash,1
Botaurus lentiginosus,4
Botaurus poiciloptilus,2
Botaurus stellaris,6
Brachyamphus perdix,1
Brachypteryx montana,1
Brachyramphus brevirostris,2
Brachyramphus marmoratus,3
Brachyramphus perdix,1
Bradypterus baboecala,1
Branta bernicla,9
Branta bernicla nigricans,1
Branta canadensis,12
Branta hutchinsii,3
Branta hutchnsii,1
Branta leucopsis,7
Branta ruficollis,2
Brotogeris chiriri,2
Brotogeris jugularis,1
Brotogeris versicolurus,2
Bubo africanus,1
Bubo bubo,3
Bubo lacteus,1
Bubo scandiacus,5
Bubo virginianus,4
Bubulcus ibis,5
Bucanetes githaginea,1
Bucanetes githagineus,1
Bucephala albeola,3
Bucephala clangula,9
Bucephala islandica,4
Buceros bicornis,1
Bucorvus leadbeateri,1
Buephala albeola,1
Bulweria bulwerii,3
Bulweria fallax,1
Buphagus erythrorhynchus,1
Burhinus bistriatus,1
Burhinus grallarus,1
Burhinus oedicnemus,6
Busarellus nigricollis,1
Buteo albicaudatus,2
Buteo albonotatus,4
Buteo brachyurus,2
Buteo buteo,9
Buteo jamaicensis,3
Buteo lagopus,6
Buteo lagous,1
Buteo lineatus,3
Buteo magnirostris,2
Buteo nitidus,1
Buteo plagiatus,3
Buteo platypterus,3
Buteo regalis,3
Buteo swainsoni,3
Buteogallus (Hypomorphnus) urubitinga,1
Buteogallus anthracinus,3
Butorides striata,1
Butorides striatus,1
Butorides virescens,4
Bycanistes bucinator,1
Cacatua galerita,3
Cacatua leadbeateri,2
Cacatua pastinator,2
Cacatua roseicapilla,2
Cacatua sanguinea,1
Cacatua tenuirostris,2
Cacomantis castaneiventris,1
Cacomantis flabelliformis,1
Cacomantis variolosus,1
Cairina moschata,3
Calamanthus campestris,1
Calamanthus fuliginosus,1
Calamonastes stierlingi,1
Calamospiza melanocorys,3
Calandrella brachydactyla,1
Calandrella cinerea,2
Calandrella rufescens,1
Calcarius Iapponicus,1
Calcarius lapponicus,5
Calcarius ornatus,3
Calcarius pictus,3
Calendulauda africanoides,1
Calendulauda sabota,1
Calidris acuminata,6
Calidris alba,10
Calidris alpina,12
Calidris bairdii,6
Calidris canutus,11
Calidris falcinellus,1
Calidris ferruginea,9
Calidris fuscicollis,6
Calidris himantopus,4
Calidris maritima,8
Calidris mauri,5
Calidris melanotos,8
Calidris minuta,9
Calidris minutilla,5
Calidris paramelanotos,2
Calidris ptilocnemis,3
Calidris pugnax,2
Calidris pusilla,5
Calidris pygmea,1
Calidris ruficollis,5
Calidris subminuta,5
Calidris subruficollis,3
Calidris temminckii,6
Calidris tenuirostris,5
Calidris virgata,3
Caliepepla squamata,1
Caliidris pugnax,1
Calliope calliope,1
Callipepla californica,4
Callipepla gambelii,2
Callipepla gambelli,1
Callipepla squamata,2
Calliphlox evelynae,1
Callocephalon fimbriatum,2
Calocitta colliei,1
Calocitta formosa,1
Calocitta formosa colliei,1
Calonctris leucomelas,1
Calonectris borealis,1
Calonectris diomeda,1
Calonectris diomedea,2
Calonectris edwardsii,1
Calonectris leucomelas,2
Calothorax lucifer,3
Calptyorhynchus funereus,1
Calypte ana,1
Calypte anna,2
Calypte costae,3
Calyptorhynchus banksii,2
Calyptorhynchus baudinii,1
Calyptorhynchus funereus,1
Calyptorhynchus lathami,2
Calyptorhynchus latirostris,1
Camaroptera brachyura,1
Camaroptera brevicaudata,1
Campephaga flava,1
Campephilus (Phloeoceastes) guatemalensis,1
Campephilus principalis,2
Campethera abingoni,1
Campethera bennettii,1
Camptostoma imberbe,4
Campylopterus curvipennis,1
Campylopterus hemileucurus,1
Campylorhynchus brunneicapillus,4
Campylorhynchus megalopterus,1
Campylorhynchus rufinucha,1
Campylorhynchus yucatanicus,1
Campylorhynchus zonatus,1
Caprimulgus aegyptius,1
Caprimulgus europaeus,6
Caprimulgus fossii,1
Caprimulgus macrurus,2
Caprimulgus maculicaudus,1
Caprimulgus mystacalis,1
Caprimulgus pectoralis,1
Caprimulgus ridgwayi,1
Caprimulgus ruficollis,1
Caprimulgus rufigena,1
Caprimulgus salvini,1
Caprimulgus tristigma,1
Caprimulgus vexillarius,1
Caracara cheriway,3
Caracara plancus,1
Cardellina canadensis,3
Cardellina pusilla,3
Cardellina rubifrons,1
Cardellina rubrifrons,3
Cardinalis cardinalis,3
Cardinalis sinuatus,3
Carduelis cabaret,3
Carduelis cannabina,6
Carduelis carduelis,12
Carduelis chloris,10
Carduelis flammea,3
Carduelis flavirostris,4
Carduelis hornemanni,1
Carduelis sinica,1
Carduelis spinus,8
Carpodacus erythrinus,4
Carpodacus thura,1
Caryothraustes poliogaster,1
Cassiculus melanicterus,1
Cassidix mexicanus,1
Casuarius casuarius,1
Catharacta maccormicki,1
Catharacta skua,2
Cathartes aura,4
Catharus aurantiirostris,2
Catharus bicknelli,3
Catharus dryas,1
Catharus frantzii,1
Catharus fuscescens,4
Catharus guttatus,4
Catharus mexicanus,1
Catharus minimus,5
Catharus occidentalis,1
Catharus ustulatus,5
Catherpes mexicanus,4
Cecropis daurica,1
Centrocercus minimus,3
Centrocercus urophasianus,3
Centronyx bairdii,1
Centronyx henslowii,1
Centropus burchelli,1
Centropus grillii,1
Centropus phasianinus,1
Centropus phqsianinus,1
Centropus sinensis,1
Centurus (Tripsurus) chrysogenys,1
Centurus (Tripsurus) pucherani,1
Centurus hypopolius,1
Centurus uropygialis,1
Cepphus columba,3
Cepphus grylle,8
Cercomacra tyrannina,1
Cercomela familiaris,1
Cercotrichas galactotes,2
Cereopsis novaehollandiae,1
Cerorhinca monocerata,3
Certhia americana,3
Certhia brachydactyla,3
Certhia familiaris,10
Certhionix niger,1
Certhionix pectoralis,1
Certhionix variegatus,1
Certhionyx niger,1
Certhionyx pectoralis,1
Certhionyx variegatus,1
Ceryle rudis,1
Cettia cetti,5
Cettia pallidipes,1
Chaetura pelagica,4
Chaetura vauxi,3
Chaimarrornis leucocephalus,1
Chalcophaps indica,3
Chamaea fasciata,2
Charadrius (Elseyornis) melanops,1
Charadrius (Thinornis) rubricollis,1
Charadrius alexandrinus,5
Charadrius asiaticus,2
Charadrius bicinctus,2
Charadrius collaris,1
Charadrius dubius,10
Charadrius hiaticula,11
Charadrius leschenaultii,4
Charadrius melodus,3
Charadrius mongolus,5
Charadrius montanus,3
Charadrius morinellus,6
Charadrius nivosus,3
Charadrius rubricollis,1
Charadrius ruficapillus,2
Charadrius semipalmatus,4
Charadrius tricollaris,1
Charadrius veredus,2
Charadrius vociferus,5
Charadrius wilsonia,3
Chen caerulescens,2
Chen canagica,2
Chen rossii,2
Chenonetta jubata,2
Cheramoeca leucosternum,1
Cheramoeca leucosternus,1
Chersophilus duponti,1
Chettusia gregaria,1
Chettusia leucura,1
Chichladusa arquata,1
Chiroxiphia linearis,1
Chlamydera cerviniventris,2
Chlamydera guttata,1
Chlamydera maculata,2
Chlamydera nuchalis,2
Chlidonias hybrida,1
Chlidonias hybridus,1
Chlidonias leucoptera,1
Chlidonias leucopterus,5
Chlidonias niger,10
Chlidonias niger surinamensis,1
Chloris chloris,1
Chloris sinica,2
Chloroceryle aenea,1
Chloroceryle amazona,1
Chloroceryle americana,3
Chlorocichla flaviventris,1
Chlorophanes spiza,1
Chlorophoneus sulfureopectus,1
Chlorophoneus viridis,1
Chlorophonia occipitalis,1
Chloropsis aurifrons,1
Chloropsis cochinchinensis,1
Chloropsis hardwickii,1
Chlorospingus ophthalmicus,1
Chlorostilbon canivetii,1
Chmaea fasciata,1
Chondestes grammacus,3
Chondrohierax uncinatus,2
Chonorohierax uncinatus,1
Chordeiles acutipennis,3
Chordeiles gundlachii,2
Chordeiles minor,4
Chroicocephalus genei,1
Chroicocephalus philadelphia,4
Chroicocephalus ridibundus,6
Chroicocephalus saundersi,1
Chrysococcyx basalis,2
Chrysococcyx caprius,1
Chrysococcyx klaas,1
Chrysococcyx lucidus,2
Chrysococcyx minutillus,2
Chrysococcyx osculans,2
Chrysococcyx russatus,2
Chrysolophus amherstiae,1
Chrysolophus pictus,3
Chthonicola saittata,1
Ciccaba nigrolineata,1
Ciccaba virgata,1
Ciconia ciconia,6
Ciconia nigra,3
Cincloramphus cruralis,1
Cincloramphus mathewsi,1
Cinclorhamphus cruralis,1
Cinclorhamphus mathewsi,1
Cinclosoma castaneothorax,2
Cinclosoma castaneothorax marginatum,1
Cinclosoma castanotum,1
Cinclosoma castanotus,1
Cinclosoma cinnamomeum,2
Cinclosoma cinnamomeum alisteri,1
Cinclosoma punctatum,2
Cinclus cinclus,8
Cinclus mexicanus,3
Cinnyricinclus leucogaster,1
Circaetus gallicus,2
Circus aeruginosus,6
Circus approximans,2
Circus assimilis,1
Circus cyaneus,7
Circus cyaneus hudsonius,1
Circus hudsonius,1
Circus macrourus,1
Circus pygargus,5
Circus spilonotus,1
Cisticola aberrans,1
Cisticola aridulus,1
Cisticola chiniana,1
Cisticola erythrops,1
Cisticola exilis,2
Cisticola fulvicapilla,1
Cisticola galactotes,1
Cisticola juncidis,4
Cisticola juncidus,1
Cisticola natalensis,1
Cistothorus palustris,3
Cistothorus platensis,3
Cladorhynchus leucocephalus,2
Clamator glandarius,3
Clangula hyemalis,8
Claravis mondetoura,1
Claravis pretiosa,1
Climacteris affinis,2
Climacteris erythrops,2
Climacteris melanura,2
Climacteris picumnus,2
Climacteris rufa,2
Coccothraustes coccothraustes,9
Coccothraustes vespertinus,3
Coccyus americanus,1
Coccyzus americanus,4
Coccyzus eryhropthalmus,1
Coccyzus erythropthalmus,3
Coccyzus erytropthalmus,1
Coccyzus minor,4
Cochlearius cochlearius,1
Coereba flaveloa,1
Coereba flaveola,2
Colaptes auratus,3
Colaptes chrysoides,3
Colibri thalassinus,3
Colinus leucopogon,1
Colinus nigrogularis,1
Colinus virgianus,2
Colinus virginianus,2
Colius striatus,1
Collocalia esculenta,2
Collocalia vanikorensis,1
Collurcincla harmonica,1
Colluricincla boweri,2
Colluricincla harmonica,1
Colluricincla megarhyncha,2
Colluricincla woodwardi,2
Columba cayennensis,1
Columba flavirostris,1
Columba leucocephala,1
Columba leucomela,2
Columba livia,11
Columba livia domestica,2
Columba nigrirostris,1
Columba oenas,8
Columba palumbus,8
Columba speciosa,1
Columbina inca,3
Columbina minuta,1
Columbina passerina,4
Columbina talpacoti,3
Conopophila albogularis,2
Conopophila rufogularis,2
Conopophila whitei,2
Contopus caribaeus,2
Contopus cinereus,1
Contopus cooperi,3
Contopus pertinax,4
Contopus sordidulus,4
Contopus virens,4
Copsychus malabaricus,1
Copsychus saularis,1
Coracias benghalensis,1
Coracias garrulus,3
Coracina lineata,1
Coracina maxima,2
Coracina novaehollandiae,2
Coracina papuensis,2
Coracina pectoralis,1
Coracina tenuirosris,1
Coracina tenuirostris,1
Coragyps atratus,3
Corcorax melanorhamphos,2
Cormobates leucophaea,1
Cormobates leucophaeus,1
Corvinella melanoleuca,1
Corvus albus,1
Corvus bennetti,2
Corvus brachyrhynchos,3
Corvus caurinus,3
Corvus corax,11
Corvus cornix,5
Corvus corone,9
Corvus coronoides,2
Corvus crptoleucus,1
Corvus cryptoleucus,2
Corvus frugilegus,8
Corvus imparatus,3
Corvus japonensis,1
Corvus mellori,1
Corvus Mellori,1
Corvus monedul,1
Corvus monedula,10
Corvus orru,2
Corvus ossifragus,3
Corvus splendens,4
Corvus tasmanicus,2
Corythaixoides concolor,1
Cossypha heuglini,1
Cossypha humeralis,1
Cossypha natalensis,1
Cotinga amabilis,1
Cotunix pectoralis,1
Coturnicops noveboracensis,3
Coturnix australis,1
Coturnix chinensis,3
Coturnix coturnix,6
Coturnix delegorguei,1
Coturnix pectoralis,1
Coturnix ypsilophora,1
Coumba palumbas,1
Cracticus mentalis,2
Cracticus nigrogularis,2
Cracticus quoyi,2
Cracticus torquatus,2
Crateroscelis gutturalis,1
Crax rubra,1
Crecopsis egregia,1
Crex crex,9
Crithagra gularis,1
Crithagra mozambica,1
Crotophaga ani,2
Crotophaga sulcirostris,4
Crypturellus boucardi,1
Crypturellus cinnamomeus,1
Crypturellus soui,1
Cuculus canorus,11
Cuculus castaneiventris,1
Cuculus clamosus,1
Cuculus flabelliformis,1
Cuculus gularis,1
Cuculus optatus,1
Cuculus pallidus,2
Cuculus saturatus,3
Cuculus solitarius,1
Cuculus variolosus,1
Culicicapa ceylonensis,1
Cursorius cursor,2
Cyanerpes cyaneus,2
Cyanistes caeruleus,4
Cyanocitta cristata,4
Cyanocitta stelleri,4
Cyanocompsa cyanoides,1
Cyanocompsa parellina,3
Cyanocorax dickeyi,1
Cyanocorax yncas,4
Cyanolyca cucullata,1
Cyanolyca nana,1
Cyanolyca pumilo,1
Cyanopica cyana,1
Cyanopica cyanus,1
Cyclarhis gujanensis,1
Cyclopsitta diophthalma,2
Cygnus atratus,1
Cygnus bewickii,2
Cygnus buccinator,3
Cygnus columbianus,8
Cygnus cygnus,8
Cygnus olor,14
Cynanthus latirostris,4
Cyornis concretus,1
Cypseloides niger,3
Cyrtonyx montezumae,4
Dacelo leachii,2
Dacelo novaeguineae,2
Dactylortyx thoracicus,1
Daphoenositta chrysoptera,6
Daption capense,1
Daptrius americanus,1
Dasyornis brachypterus,1
Dasyornis brachypteus,1
Dasyornis broadbenti,2
Dasyornis longirostris,2
Delichon urbica,7
Delichon urbicum,4
Deltarhynchus flammulatus,1
Dendragapus fuliginosus,3
Dendragapus obscurus,3
Dendrocincla anabatina,1
Dendrocincla homochroa,1
Dendrocitta vagabunda,1
Dendrocolaptes certhia,1
Dendrocopos arizonae,1
Dendrocopos leucotos,1
Dendrocopos major,9
Dendrocopos medius,1
Dendrocopos minor,5
Dendrocopos scalaris,1
Dendrocopos syriacus,1
Dendrocopus major,1
Dendrocopus minor,1
Dendrocygna arcuata,1
Dendrocygna autumnalis,3
Dendrocygna bicolor,3
Dendrocygna eytoni,1
Dendrocygna guttata,1
Dendrocygna viduata,1
Dendroica petechia,1
Dendroopos minor,1
Dendroperdix sephaena,1
Dendropicos fuscescens,1
Dendropicos namaquus,1
Denrocygna arcuata,1
Dicaeum hirundinaceum,2
Dicrurus bracteatus,2
Dicrurus hottentotus,1
Dicrurus paradiseus,1
Diomedea bulleri,1
Diomedea cauta,1
Diomedea chlororhynchos,1
Diomedea chrysostoma,1
Diomedea ephomophora,1
Diomedea epomophora,1
Diomedea exulans,2
Diomedea immutabilis,1
Diomedea melanophris,1
Dives dives,1
Dolichonyx oryzivorous,1
Dolichonyx oryzivorus,4
Dromaius novaehollandiae,1
Dromococcyx phasianellus,1
Drymodes brunneopygia,2
Drymodes superciliaris,2
Dryobates albolarvatus,1
Dryobates arizonae,1
Dryobates borealis,1
Dryobates nuttallii,1
Dryobates pubescens,1
Dryobates scalaris,1
Dryobates villosus,1
Dryocopus lineatus,1
Dryocopus martius,3
Dryocopus pileatus,4
Dryolimnas pectoralis,1
Dryonastes chinensis,1
Dryonastes galbanus,1
Dryoscopus cubla,1
Ducula aenea,1
Ducula bicolor,2
Ducula concinna,1
Ducula mullerii,2
Dumetella carolinensis,3
Dysithamnus mentalis,1
Eclectus roratus,2
Egrebt Bubulcus coromandus,1
Egretta caerulea,3
Egretta garzetta,8
Egretta gularis,1
Egretta rufescens,3
Egretta thula,4
Egretta tricolor,3
Elaenia albiceps,1
Elaenia flavogaster,1
Elaenia frantzii,1
Elaenia martinica,1
Elanoides forficatus,3
Elanus axillaris,1
Elanus leucurus,3
Elanus notatus,1
Elanus scriptus,2
Electron carinatum,1
Elseyornis melanops,1
Emberiza aureola,3
Emberiza bruniceps,1
Emberiza caesia,2
Emberiza calandra,3
Emberiza chrysophrys,2
Emberiza cia,2
Emberiza cineracea,1
Emberiza cirlus,6
Emberiza citrinella,8
Emberiza elegans,1
Emberiza flaviventris,1
Emberiza hortulana,4
Emberiza impetuani,1
Emberiza lathami,1
Emberiza leucocephalos,3
Emberiza melanocephala,2
Emberiza pallasi,2
Emberiza pusilla,4
Emberiza rustica,4
Emberiza schoeniclus,9
Emberiza spodocephala,1
Emberiza tahapisi,1
Emberiza variabilis,1
Emblema pictum,2
Emipdonax flaviventris,1
Empidonax affinis,1
Empidonax albigularis,1
Empidonax alnorum,4
Empidonax difficilis,4
Empidonax flavescens,1
Empidonax flaviventris,3
Empidonax fulvifrons,4
Empidonax hammondii,3
Empidonax minimus,4
Empidonax oberholseri,3
Empidonax occidentalis,3
Empidonax traillii,4
Empidonax virescens,4
Empidonax wrightii,3
Empidonomus varius,2
Enicurus leschenaulti,1
Entomyzon cyanotis,2
Eopsaltria australis,2
Eopsaltria georgiana,2
Eopsaltria griseogularis,2
Eopsaltria pulverulenta,2
Ephippiorhynchus asiaticus,2
Ephthianura albifrons,1
Ephthianura aurifrons,1
Ephthianura crocea,1
Ephthianura tricolor,1
Epthianura albifrons,1
Epthianura aurifrons,1
Epthianura crocea,1
Epthianura tricolor,1
Eremiornis carteri,2
Eremomela icteropygialis,1
Eremomela scotops,1
Eremomela usticollis,1
Eremophila alpestris,5
Ergaticus ruber,1
Erithacus rubecula,9
Ermophila alpestris,1
Erthrogonys cinctus,1
Eryhropygia leucophrys,1
Erythrina erythrina,1
Erythrogonys cinctus,1
Erythrotriorchis radiatus,1
Erythrura gouldiae,2
Erythrura trichroa,2
Esacus magnirosris,1
Esacus neglectus,1
Estrilda astrild,1
Eucometis penicillata,1
Eudocimus albus,3
Eudromias morinellus,1
Eudynamys scolopacea,2
Eudyptes chrysocome,1
Eudyptes chrysolophus,1
Eudyptes pachyrhynchus,1
Eudyptes robustus,1
Eudyptes sclateri,1
Eudyptua minor,1
Eugenes fulgens,3
Eulabeornis castaneoventris,2
Eumomota superciliosa,1
Eumyias thalassinus,1
Euphagus carolinus,3
Euphagus cyanocephalus,3
Euphonia affinis,1
Euphonia elegantissima,1
Euphonia gouldi,1
Euphonia hirundinacea,1
Euphonia minuta,1
Euplectes albonotatus,1
Euplectes franciscanus,2
Euplectes orix,1
Euptilotis neoxenus,1
Euptilotis nexenus,1
Eurocephalus anguitimens,1
Eurostopodus argus,2
Eurostopodus mystacalis,1
Eurypyga helias,1
Eurystomus orientalis,2
Euthlypis lachrymosa,1
Eythrotriorchis radiatus,1
Falcipenis canadensis,1
Falcipennis canadensis,2
Falco berigora,2
Falco cenchroides,1
Falco chenchroides,1
Falco columbarius,9
Falco eleonorae,2
Falco femoralis,3
Falco hypoleucos,2
Falco longipennis,2
Falco mexicanus,3
Falco naumanni,2
Falco peregrinus,13
Falco rufigularis,1
Falco rusticolus,5
Falco sparverius,3
Falco subbuteo,10
Falco subniger,2
Falco tinnunculus,12
Falco vespertinus,3
Falcunculus frontatus,2
Ficedula albicilla,2
Ficedula albicollis,2
Ficedula hypoleuca,8
Ficedula narcissina,1
Ficedula parva,3
Ficedula strophiata,1
Ficedulla albicilla,1
Florisuga mellivora,1
Formicarius analis,1
Forpus cyanopygius,1
Fratercua cirrhata,1
Fratercula arctica,11
Fratercula cirrhata,2
Fratercula cornicata,1
Fratercula corniculata,2
Fregata andrewsi,1
Fregata ariel,2
Fregata magnificens,3
Fregata minor,2
Fregetta grallaria,1
Fregetta tropica,2
Fringilla coelebs,11
Fringilla montifringilla,10
Fulica americana,4
Fulica atra,13
Fulica cristata,1
Fulmarus glacialis,10
Fulmarus glacialoides,1
Galbula ruficauda,1
Galerida cristata,4
Galerida theklae,1
Gallinago delicata,4
Gallinago gallinago,9
Gallinago hardwickii,2
Gallinago media,2
Gallinago megala,2
Gallinago nigripennis,1
Gallinago stenura,3
Gallinula angulata,1
Gallinula chloropus,9
Gallinula galeata,3
Gallinula mortierii,2
Gallinula tenebrosa,2
Gallinula ventralis,2
Gallirallus philippensis,2
Gallus gallus,3
Gaprimulgus europaeus,1
Garrodia nereis,1
Garrulax albogularis,1
Garrulax leucolophus,1
Garrulax pectoralis,1
Garrulax perspicillatus,1
Garrulax poecilorhynchus,1
Garrulus glandarius,10
Gasileuterus lachrymosus,1
Gavia adamsii,4
Gavia arctica,5
Gavia artctica,1
Gavia immer,7
Gavia pacifica,4
Gavia stellata,8
Gavia Stellata,1
Gelochelidon nilotica,5
Geococcy californicus,1
Geococcyx californianus,2
Geococcyx velax,1
Geoffroyus geoffroyi,2
Geokichla sibirica,1
Geopelia cuneata,1
Geopelia humeralis,2
Geopelia placida,1
Geopelia placida (striata),1
Geophaps lophotes,1
Geophaps plumifera,2
Geophaps scripta,2
Geophaps smithii,2
Geoplia cuneata,1
Geothlypis (Chamaethlypis) poliocephala,1
Geothlypis formosa,3
Geothlypis philadelphia,2
Geothlypis poliocephala,2
Geothlypis tolmiei,3
Geothlypis trichas,4
Geotrygon albifacies (linearis),1
Geotrygon chrysia,2
Geotrygon montana,2
Geotryon lawrencii,1
Geranoaetus albicaudatus,2
Geranospiza caerulescens (nigra),1
Gerygone chloronota,1
Gerygone choronotus,1
Gerygone fusca,2
Gerygone laevigaster,1
Gerygone levigaster,1
Gerygone magnirostris,2
Gerygone mouki,2
Gerygone olivacea,2
Gerygone palpebrosa,1
Gerygone paplebrosa,1
Gerygone tenebrosa,2
Glareola maldivarum,3
Glareola nordmanni,2
Glareola pratincola,2
Glaucidium brasilianum,3
Glaucidium brodiei,1
Glaucidium capense,1
Glaucidium gnoma,3
Glaucidium minutissimum,1
Glaucidium passerinum,2
Glaucidium perlatum,1
Gllinula chloropus,1
Glossopsitta concinna,2
Glossopsitta porphyrocephala,2
Glossopsitta pusilla,2
Glucidium gnoma,1
Glycichaera fallax,2
Glyphorhynchus spirurus,1
Gracula religiosa,3
Gracupica contra,1
Gracupica nigricollis,1
Grallaria guatimalensis,1
Grallina cyanoleuca,2
Granatellus sallaei,1
Granatellus venustus,1
Grantiella picta,2
Grus americana,4
Grus antigone,2
Grus canadensis,2
Grus grus,8
Grus rubicunda,1
Grus rubicundus,1
Guttera pucherani,1
Gygis alba,1
Gymnocichla nudiceps,1
Gymnogyps californianus,4
Gymnorhina tibicen,2
Gymnorhinus cyanocephalus,3
Gymnoris superciliaris,1
Gymnostinops montezuma,1
Gypaëtus barbatus,1
Gyps fulvus,2
Habia fuscicauda,1
Habia rubica,1
Haematopus bachmani,3
Haematopus fuliginosus,1
Haematopus longirostris,1
Haematopus osralegus,1
Haematopus ostralegus,8
Haematopus palliatus,3
Haemorhous cassinii,3
Haemorhous mexicanus,3
Haemorhous purpureus,3
Haemotopus fuliginosus,1
Haernatopus ostralegus,1
Halcyon albiventris,1
Halcyon chelicuti,1
Halcyon chloris,1
Halcyon leucocephala,1
Halcyon macleayii,1
Halcyon pyrrhopygia,1
Halcyon sancta,1
Halcyon senegalensis,1
Halcyon smyrnensis,1
Haliaeetus albicilla,4
Haliaeetus leucocephalus,4
Haliaeetus leucogaster,2
Haliaeetus pelagicus,1
Haliastur indus,1
Haliastur sphenurus,1
Halobaena caerulea,1
Hamirostra melanosternon,1
Hamirostra Melanosternon,1
Harpagus bidentatus,1
Harpia harpyja,1
Harpyhaliaetus solitarius,1
Hedydipna collaris,1
Heliomaster constantii,2
Heliornis fulica,1
Heliothrix barroti,1
Helmitheros vermivorum,3
Hemixos castanonotus,1
Henicorhina leucophrys,1
Henicorhina leucosticta,1
Herpetoheres cachinnans,1
Hesperiphona abeilli,1
Heteromunia pectoralis,2
Heteromyias albispecularis,1
Heterophasia picaoides,1
Heteroscelus brevipes,1
Heteroscelus incanus,1
Hieraaetus fasciatus,1
Hieraaetus morphnoides,1
Hieraaetus morpnoides,1
Hieraaetus pennatus,1
Himantopus himantopus,7
Himantopus mexicanus,3
Hippolais caligata,1
Hippolais icterina,6
Hippolais olivetorum,2
Hippolais pallida,1
Hippolais polyglotta,3
Hirundapus caudacutus,4
Hirundo ariel,2
Hirundo daurica,2
Hirundo neoxena,2
Hirundo nigricans,2
Hirundo rustica,15
Hirundo tahitica,1
Histrionicus histrionicus,5
Hoplopterus spinosus,1
Hydrobates pelagicus,5
Hydrocoloeus minutus,6
Hydrophasianus chirurgus,2
Hydroprogne caspia,5
Hylacola cauta,1
Hylacola pyrrhopygia,1
Hylocharis eliciae,1
Hylocharis leucotis,3
Hylocichla mustelina,3
Hylomanes momotula,1
Hylophilus decurtatus,1
Hylophilus ochraceiceps,1
Hylorchilus sumichrasti,1
Hypsipetes leucocephalus,1
Hypsipetes mcclellandii,1
Ianthocincla ocellata,1
Icteria virens,3
Icterus bullockii,4
Icterus chrysater,1
Icterus cucullatus,4
Icterus galbula,6
Icterus graduacauda,4
Icterus gularis,4
Icterus mesomelas,1
Icterus parisorum,4
Icterus pectoralis,3
Icterus prosthemelas,1
Icterus pustulatus,2
Icterus sclateri,1
Icterus spurius,4
Icterus wageri,1
Icterus wagleri,1
Ictinia mississippiensis,3
Iduna aedon,1
Iduna caligata,1
Iduna pallida,1
Iduna rama,1
Indicator indicator,1
Indicator minor,1
Indicator variegatus,1
Irania gutturalis,1
Irediparra gallinacea,1
Irena puella,1
Ixobrychus exilis,3
Ixobrychus flavicollis,2
Ixobrychus minutus,6
Ixobrychus sinensis,1
Ixobrychus sturmii,1
Ixoreus naevius,3
Jabiru mycteria,2
Jacana spinosa,3
Junco hyemalis,4
Junco phaeonotus,4
Jynx torquilla,6
Lagopus lagopus,9
Lagopus lagopus scoticaLagopus lagopus scotica,1
Lagopus lagopus scoticus,1
Lagopus leucura,3
Lagopus muta,5
Lagopus mutus,4
Lalage leucomela,2
Lalage tricolor,1
Lalage tricolor (sueurii),1
Lampornis clemenciae,4
Lamprolaima rhami,1
Lamprotornis australis,1
Lamprotornis chalybaeus,1
Lamprotornis mevesii,1
Lamprotornis nitens,1
Laniarius ferrugineus,1
Laniarius major,1
Lanio aurantius,1
Laniocera rufescens,1
Lanius borealis,1
Lanius collurio,6
Lanius cristatus,3
Lanius excubitor,7
Lanius isabellinus,1
Lanius ludovicianus,3
Lanius meridionalis,1
Lanius minor,2
Lanius nubicus,1
Lanius schach,1
Lanius senator,2
Lanius tephronotus,1
Lars fuscus,1
Larus (Leucophaeus) atricilla,1
Larus (Leucophaeus) pipixcan,1
Larus argentatus,13
Larus atricilla,1
Larus audouini,1
Larus audouinii,1
Larus belcheri,1
Larus cachinnans,1
Larus californicus,3
Larus canus,12
Larus crassirostris,3
Larus delawarensis,4
Larus dominicanus,3
Larus fuscus,11
Larus genei,1
Larus glaucescens,3
Larus glaucoides,6
Larus heermanni,3
Larus hyperboreus,6
Larus ichthyaetus,1
Larus livens,2
Larus marinus,10
Larus melanocephalus,4
Larus michaehellis,1
Larus michahellis,3
Larus minutus,3
Larus novaehollandiae,1
Larus occidentalis,3
Larus pacificus,1
Larus philadelphia,1
Larus pipixcan,1
Larus ridibundus,8
Larus sabini,3
Larus schistisagus,2
Larus smithsonianus,1
Larus thayeri,2
Larvivora cyane,1
Larvivora sibilans,1
Laterallus jamaicensis,3
Lathamus discolor,2
Legatus leucophaius,3
Leiothlypis celata,1
Leiothlypis luciae,1
Leiothlypis peregrina,1
Leiothlypis ruficapilla,1
Leiothlypis virginiae,1
Leiothrix lutea,1
Leipoa ocellata,2
Lepidocolaptes affinis,1
Lepidocolaptes souleyetti,1
Leptodon cayanensis,1
Leptolophus hollandicus,1
Leptopogon amaurocephalus,1
Leptotila cassinii,1
Leptotila jamaicensis,1
Leptotila plumbeiceps,1
Leptotila verreauxi,4
Leucocarbo fuscescens,1
Leucophaeus atricilla,2
Leucophaeus pipixcan,3
Leucosarcia melanoleuca,2
Leucosticte atrata,3
Leucosticte australis,3
Leucosticte nemoricola,1
Leucosticte tephrocotis,3
Leuophaeus atricilla,1
Lichenostomus chrysops,2
Lichenostomus craitius,1
Lichenostomus cratitius,1
Lichenostomus fasciogularis,1
Lichenostomus flavescens,2
Lichenostomus flavicolis,1
Lichenostomus flavicollis,1
Lichenostomus flavus,2
Lichenostomus frenatus,2
Lichenostomus fuscus,2
Lichenostomus hindwoodi,2
Lichenostomus keartlandi,2
Lichenostomus leucotis,2
Lichenostomus melanops,2
Lichenostomus ornatus,2
Lichenostomus penicillatus,2
Lichenostomus plumulus,2
Lichenostomus unicolor,2
Lichenostomus versicolor,1
Lichenostomus virescens,1
Lichmera indistincta,2
Limicola falcinellus,4
Limnodromus griseus,6
Limnodromus scolopaceus,5
Limnodromus semipalmatus,2
Limnothlypis swainsonii,3
Limosa fedoa,3
Limosa haemastica,5
Limosa Iapponica,1
Limosa lapponica,8
Limosa limosa,10
Linaria cannabina,1
Linaria flavirostris,1
Liocichla hoenicaea,1
Liocichla omeiensis,1
Lipaugus unirufus,1
Lissotis melanogaster,1
Locustella certhiola,2
Locustella fluviatilis,2
Locustella lanceolata,3
Locustella luscinioides,3
Locustella naevia,6
Locustella ochotensis,1
Lonchura castaneothorax,2
Lonchura flaviprymna,1
Lonchura Flaviprymna,1
Lonchura malacca,3
Lonchura punctulata,4
Lophodytes cucullatus,4
Lophoictinia isura,2
Lopholaimus antarcticus,2
Lophophanes cristatus,3
Lophortyx californicus,1
Lophostrix cristata,1
Lophotis ruficrista,1
Lophura nyctemera,1
Loxia curvirostra,10
Loxia leucoptera,4
Loxia leucoptra,1
Loxia pytyopsittacus,3
Loxia scotica,3
Loxia sinesciuris,1
Lucstella ochotensis,1
Lugensa brevirostri,1
Lullula arbora,1
Lullula arborea,5
Luscinia akahige,1
Luscinia calliope,3
Luscinia luscinia,2
Luscinia megahynchos,1
Luscinia megarhynchos,6
Luscinia sbecica,1
Luscinia sibilans,1
Luscinia svecica,6
Lusinia svecica,1
Lybius torquatus,1
Lymnocryptes minimus,6
Lyrurus tetrix,1
Machaerirhynchus flaviventer,2
Macronectes giganteus,1
Macronectes halli,1
Macronous gularis,1
Macronyx croceus,1
Macropygia amboinensis,2
Malacias auricularis,1
Malacias desgodinsi,1
Malaconotus blanchoti,1
Malacoptila panamensis,1
Malacorhynchus membranaceus,2
Malarus amabilis,1
Malarus pulcherrimus,1
Malurus coronatus,2
Malurus cyaneus,2
Malurus elegans,2
Malurus lamberti,2
Malurus leucopterus,2
Malurus melanocephalus,2
Malurus pulcherrimus,1
Malurus splendens,2
Manacus candei,1
Manorina flavigula,2
Manorina melanocephala,2
Manorina melanophrys,2
Manorina melanotis,2
Manucodia keraudrenii,1
Manuodia keraudrenii,1
Mareca americana,1
Mareca penelope,1
Mareca strepera,1
Marmaronetta angustirostris,1
Megaceryle alcyon,4
Megaceryle maximus,1
Megaceryle torquata,3
Megalaima virens,1
Megalurus gramineus,2
Megalurus timoriensis,2
Megapodius reinwardt,2
Megarynchus pitangua,1
Megascops asio,3
Megascops kennicottii,3
Megascops trichopsis,2
Melancorypha leucoptera,1
Melanerpes aurifrons,3
Melanerpes carolinus,3
Melanerpes erythrocephalus,3
Melanerpes formicivorus,3
Melanerpes lewis,3
Melanerpes uropygialis,3
Melanitta americana,3
Melanitta deglandi,1
Melanitta fusca,5
Melanitta nigra,7
Melanitta perspicillata,4
Melanocorypha bimaculata,1
Melanocorypha calandra,2
Melanocorypha yeltoniensis,2
Melanodryas cucullata,1
Melanodryas vittata,1
Melanotis caerulescens,3
Melanotis hypoleucus,1
Melanydryas cucullata,1
Melanydryas vittata,1
Meleagris gallapvo,1
Meleagris gallopavo,5
Meliphaga albilineata,2
Meliphaga gracilis,2
Meliphaga lewinii,2
Meliphaga notata,2
Melithreptus affinis,2
Melithreptus albogularis,2
Melithreptus brevirostris,2
Melithreptus gularis,2
Melithreptus lunatus,2
Melithreptus validirostris,2
Melopsittacus undulatus,4
Melospiza georgiana,3
Melospiza lincolnii,3
Melospiza melodia,4
Melozone aberti,2
Melozone alberti,1
Melozone biarcuatum,1
Melozone crissalis,3
Melozone fusca,3
Melozone leucotis,1
Menura alberti,2
Menura novaehollandiae,2
Mergellus albellus,3
Mergus albellus,3
Mergus merganser,9
Mergus serrator,9
Merops apiaster,4
Merops Apiaster,1
Merops bullockoides,1
Merops ornatus,2
Merops persicus,1
Merops sperciliosus,1
Merops viridis,1
Mesia argentauris,1
Metopidius (Irediparra) gallinacea,1
Miafra javanica,1
Micrastur ruficollis,1
Micrastur semitorquatus,1
Micrathene whitneyi,3
Microcerculus marginatus,1
Microeca flavigaster,2
Microeca griseoceps,2
Microeca leucophaea,1
Microeca tormenti,1
Micropalama himantopus,2
Micropalma himantopus,1
Microrhopias quixensis,1
Miliaria calandra,3
Milvus indus,1
Milvus migrans,2
Milvus migranus,1
Milvus milvus,8
Milvus sphenurus,1
Mimus gilvus,1
Mimus gundlachii,2
Mimus polyglottos,3
Minla ignotincta,1
Minla strigula,1
Mirafra africana,1
Mirafra javanica,1
Mirafra passerina,1
Mirafra rufocinnamomea,1
Mitrephanes phaeocercus,3
Mniotilta varia,4
Molothrus aeneus,2
Molothrus aenueus,1
Molothrus ater,4
Molothrus bonariensis,3
Momotus mexicanus,1
Momotus momota,1
Monarcha frater,2
Monarcha leucotis,2
Monarcha melanopsis,2
Monarcha trivirgatus,2
Monticola saxatilis,2
Monticola solitarius,4
Montifringilla nivalis,1
Morococcyx erythropygus,1
Morus bassanus,6
Morus capensis,1
Morus serrator,1
Motacilla aguimp,1
Motacilla alba,11
Motacilla alba alba,1
Motacilla alba yarrellii,2
Motacilla cinera,1
Motacilla cinerea,10
Motacilla citreola,4
Motacilla flava,10
Motacilla flava flavissima,1
Motacilla inerea,1
Motacilla lugens,1
Motacilla tschutschensis,2
Mous bassanus,1
Mrops apiaster,1
Muscicapa adusta,1
Muscicapa caerulescens,1
Muscicapa dauurica,3
Muscicapa griseisticta,2
Muscicapa sibirica,2
Muscicapa striata,8
Muscicapa triata,1
Muscivora tyrannus,1
Mute Swan,1
Myadestes obscurus,1
Myadestes occidentalis,1
Myadestes townsendi,3
Myadestes unicolor,1
Mycerobas carnipes,1
Mycteria americana,3
Myiagra alecto,2
Myiagra cyanoleuca,2
Myiagra inquieta,2
Myiagra rubecula,2
Myiagra ruficollis,2
Myiarchus cinerascens,4
Myiarchus crinitus,4
Myiarchus nuttingi,3
Myiarchus sagrae,2
Myiarchus tuberculifer,3
Myiarchus tyrannulus,3
Myiarchus yucatanensis,1
Myiobius sulphureipygius,1
Myioborus miniatus,3
Myioborus picta,1
Myioborus pictus,3
Myiodynastes luteiventris,3
Myiodynastes maculutus,1
Myiomela leucura,1
Myiopagis viridicata,1
Myioparus plumbeus,1
Myiophoneus caeruleus,1
Myiopsitta monachus,3
Myiozetetes similis,1
Myrmotherula schisticolor,1
Myzomela erythrocephala,2
Myzomela obscura,2
Myzomela sanguinolenta,2
Napothera epilepidota,1
Nctarinia jugularis,1
Nectarinia jugularis,1
Neochloe brevipennis,1
Neochmia modesta,1
Neochmia phaeton,2
Neochmia ruficauda,2
Neochmia temporalis,2
Neohmia modesta,1
Neophema bourkii,1
Neophema chrysogaster,2
Neophema chrysostoma,2
Neophema elegans,2
Neophema petrophila,2
Neophema pulchella,2
Neophema splendida,2
Neopsephotus bourkii,1
Netta rufina,3
Nettapus coromandelianus,1
Nettapus pulchellus,2
Nilaus afer,1
Niltava davidi,1
Niltava macgrigoriae,1
Nilvus migrans,1
Ninox connivens,1
Ninox Connivens,1
Ninox novaeseelandiae,1
Ninox novaseelandiae,1
Ninox rufa,2
Ninox scutulata,2
Ninox strenua,2
Nomonyx dominicus,2
Northiella haematogaster,2
Notharchus macrorhynchos,1
Notiochelidon pileata,1
Nucifraga caryocatactes,4
Nucifraga columbiana,3
Numenius americanus,3
Numenius arquata,10
Numenius hudsonicus,1
Numenius madagascariensis,4
Numenius minutus,4
Numenius phaeopus,12
Numenius tahitiensis,2
Numenius tenuirostris,1
Numida meleagris,3
Nyctanassa violacea,3
Nyctea scandiaca,2
Nyctibius grandis,1
Nyctibius griseus,1
Nycticorax caledonicus,2
Nycticorax nycticorax,8
Nyctidromus albicollis,4
Nymphicus hollandicus,2
Oceanites oceanicus,4
Oceanodroma castro,2
Oceanodroma complex,1
Oceanodroma furcata,3
Oceanodroma homochroa,2
Oceanodroma leucorhoa,5
Oceanodroma matsudairae,1
Oceanodroma melania,2
Oceanodroma microsoma,2
Oceanodroma monorhis,2
Oceanodroma socorroensis,1
Oceanodroma tethys,2
Ocyphaps lophotes,1
Odontophorus guttatus,1
Oena capensis,1
Oenanthe deserti,2
Oenanthe hispanica,3
Oenanthe isabellina,2
Oenanthe leucura,1
Oenanthe oenanthe,9
Oenanthe pleschanka,2
Oncostoma cinereigulare,1
Onychognathus morio,1
Onychoprion aleuticus,2
Onychoprion anaethetus,2
Onychoprion anathetus,1
Onychoprion fuscatus,3
Onychorhynchus mexicanus,1
Oporornis agilis,3
Oreoica gutturalis,1
Oreooica gutturalis,1
Oreophasis derbianus,1
Oreortyx pictus,3
Oreoscoptes montanus,3
Oreoscopus gutturalis,1
Oreothlypis celata,2
Oreothlypis crissalis,2
Oreothlypis luciae,2
Oreothlypis peregrina,2
Oreothlypis ruficapilla,2
Oreothlypis superciliosa,2
Oreothlypis virginae,1
Oreothlypis virginiae,1
Oreothypis peregrina,1
Origma solitaria,2
Oriolus chinensis,1
Oriolus flavocinctus,2
Oriolus larvatus,1
Oriolus oriolus,6
Oriolus sagittatus,2
Oriolus xanthornus,1
Ornithion semiflavum,1
Ortalis leucogastra,1
Ortalis poliocephala,1
Ortalis vetula,4
Orthonyx spaldingii,2
Orthonyx temminckii,1
Orthonyx temminkii,1
Orthotomus sutorius,1
Ortygospiza atricollis,1
Oryzoborus funereus,1
Otis tarda,3
Otophanes yucatanicus,1
Otus barbarus,1
Otus cooperi,1
Otus guatemalae,1
Otus lettia,1
Otus scops,2
Otus seductus,1
Otus senegalensis,1
Otus trichopsis,1
Oxyura australis,1
Oxyura jamaicensis,5
Pachyamphus aglaiae,1
Pachycepala simplex,1
Pachycephala inornata,2
Pachycephala laniodes,1
Pachycephala lanioides,1
Pachycephala melanura,2
Pachycephala olivacea,2
Pachycephala pectoralis,2
Pachycephala rufiventris,2
Pachycephala rufogularis,2
Pachycephala simplex,1
Pachycoccyx audeberti,1
Pachyptila belcheri,1
Pachyptila crassirostris,1
Pachyptila desolata,1
Pachyptila salvini,1
Pachyptila turtur,1
Pachyptila vittata,1
Pachyramphus aglaiae,1
Pachyramphus cinnamomeus,1
Pachyramphus major,1
Pachyramphus polychopterus,1
Padda oryzivora,1
Paethon aethereus,1
Pagodroma nivea,1
Pagophila eburnea,5
Pandion haliaetus,11
Pandion halieaetus,1
Panurus biarmicus,7
Panyptila cayennensis,1
Parabuteo unicinctus,4
Paradoxornis guttaticollis,1
Pardalotus punctatus,2
Pardalotus quadragintus,2
Pardalotus rubricatus,2
Pardalotus striatus,2
Pardalotus xanthopygus,1
Pardirallus maculatus,1
Parkesia motacilla,3
Parkesia noveboracensis,4
Paroaria coronata,1
Parula pitiayumi,1
Parus ater,6
Parus caeruleus,6
Parus cinctus,1
Parus cristatus,3
Parus cyanus,1
Parus lugubris,1
Parus major,11
Parus montanus,3
Parus niger,1
Parus palustris,5
Passer diffusus,1
Passer domesticus,14
Passer hispaniolensis,2
Passer montanus,13
Passer rutilans,1
Passerculus sandwichensis,5
Passerella iliaca,6
Passerina amoena,3
Passerina caerulea,3
Passerina ciris,3
Passerina cyanea,3
Passerina leclancherii,1
Passerina versicolor,4
Pastor roseus,1
Patagioeas flavirostris,1
Patagioenas fasciata,3
Patagioenas flavirostris,1
Patagioenas leucocephala,3
Pavo cristatus,3
Pavo muticus,1
Pedionomus torquatus,2
Pelaconoides georgicus,1
Pelagodroma marina,3
Pelecanoides urinatrix,1
Pelecanus conspicillatus,2
Pelecanus crispus,1
Pelecanus eryhrorhynchos,1
Pelecanus erythrorhynchos,2
Pelecanus occidentalis,3
Peliperdix coqui,1
Peltohyas (Charadrius) australis,1
Peltohyas australis,1
Penelope purpurascens,1
Penelopina nigra,1
Perdix perdix,11
Pericrocotus solaris,1
Periparus ater,3
Perisoreus canadensis,3
Perisoreus infaustus,1
Pernis apivorus,5
Perodroma cookii,1
Petrochelidon fulva,4
Petrochelidon pyrrhonata,1
Petrochelidon pyrrhonota,3
Petroica goodenovii,2
Petroica multicolor,2
Petroica phoenicea,1
Petroica rodinogaster,2
Petroica rosea,2
Petronia petronia,1
Petrophassa albipennis,2
Petrophassa rufipennis,1
Peucaea aestivalis,2
Peucaea aestivals,1
Peucaea botterii,3
Peucaea carpalis,3
Peucaea cassinii,3
Peucedramus taeniatus,3
Pezoporus occidentalis,2
Pezoporus wallicus,2
Phaeochroa cuvierii,1
Phaethon aethereus,2
Phaethon lepturus,4
Phaethon rubricauda,4
Phaethornis longuemareus,1
Phaethornis superciliosus,1
Phaetusa simplex,1
Phainopepla nitens,4
Phalacrocorax aristotelis,6
Phalacrocorax auritus,3
Phalacrocorax brasilianus,3
Phalacrocorax carbo,14
Phalacrocorax fuscescens,1
Phalacrocorax melanoeucos,1
Phalacrocorax melanoleucos,1
Phalacrocorax pelagicus,3
Phalacrocorax penicillatus,3
Phalacrocorax sulcirostris,2
Phalacrocorax urile,2
Phalacrocorax varius,2
Phalaenoptilus nuttallii,3
Phalaropus fulicaria,1
Phalaropus fulicarius,7
Phalaropus lobatus,9
Phalaropus tricolor,6
Phaps chalcoptera,2
Phaps elegans,2
Phaps histrionica,2
Pharomachrus mocinno,1
Phasianus colchicus,15
Pheucticus chrysopeplus,3
Pheucticus ludovicianus,4
Pheucticus melanocephalus,3
Philemon argenticeps,2
Philemon buceroides,2
Philemon citreogularis,2
Philemon corniculatus,2
Philomachus pugnax,8
Philortyx fasciatus,1
Phlogothraupis sanguinolenta,1
Phoebastria albatrus,2
Phoebastria immutabilis,3
Phoebastria nigripes,3
Phoebetria fusca,1
Phoebetria palpebrata,1
Phoenicopterus ruber,5
Phoenicurus frontalis,1
Phoenicurus ochrurors,1
Phoenicurus ochruros,6
Phoenicurus ochruros phoenicuroides,1
Phoenicurus phoenicurus,7
Phoenicurus phonenicurus samamiscus,1
Phylidonyris albifrons,2
Phylidonyris melanops,2
Phylidonyris nigra,2
Phylidonyris novaehollandiae,2
Phylidonyris pyrrhoptera,2
Phyllastrephus terrestris,1
Phylloscopus bonelli,3
Phylloscopus borealis,7
Phylloscopus collybita,10
Phylloscopus collybita tristis,1
Phylloscopus davisoni,1
Phylloscopus examinandus,1
Phylloscopus fuscatus,4
Phylloscopus humei,1
Phylloscopus ibericus,1
Phylloscopus inornatus,5
Phylloscopus nitidus,1
Phylloscopus orientalis,1
Phylloscopus proregulus,4
Phylloscopus schwarzi,1
Phylloscopus sibilatrix,8
Phylloscopus trochiloides,2
Phylloscopus trochilus,11
Piaya cayana,1
Pica hudsonia,3
Pica nuttalli,3
Pica pica,10
Picoides albolarvatus,2
Picoides arcticus,3
Picoides arizonae,2
Picoides borealis,2
Picoides dorsalis,3
Picoides nuttallii,2
Picoides pubescens,2
Picoides scalaris,2
Picoïdes tridactylus,1
Picoides villosus,2
Picumnus olivaceus,1
Picus canus,1
Picus viridis,9
Pinicola enucleator,5
Pionopsitta haematotis,1
Pionus senilis,1
Pipilo chlorurus,3
Pipilo erythrophthalmus,3
Pipilo fuscus,1
Pipilo maculatus,3
Pipra mentalis,1
Piprites griseiceps,1
Pipromorpha oleaginea,1
Piranga bidentata,3
Piranga flava,3
Piranga leucoptera,1
Piranga ludoviciana,3
Piranga olivacea,4
Piranga rubra,3
Pita versicolor,1
Pitangus sulphuratus,4
Pitta erythrogaster,2
Pitta iris,2
Pitta moluccensis,2
Pitta versicolor,1
Platalea ajaja,3
Platalea flavipes,2
Platalea leucorodia,7
Platalea regia,1
Platycercus adscitus,2
Platycercus caledonicus,2
Platycercus elegans,1
Platycercus elegans adelaidae,1
Platycercus elegans elegans,1
Platycercus elegans flaveolus,1
Platycercus eximius,2
Platycercus icterotis,2
Platycercus venustus,2
Platypsaris aglaiae,1
Platyrinchus mystaceus,1
Platysteira peltata,1
Plectorhyncha lanceolata,2
Plectropheax nivalis,1
Plectrophenax hyperboreus,2
Plectrophenax nivalis,8
Plectropterus gambensis,1
Plegadis chihi,3
Plegadis falcinellus,6
Ploceus ocularis,1
Pluvialis apricaria,10
Pluvialis dominica,7
Pluvialis fulva,6
Pluvialis squatarola,11
Podargus ocellatus,2
Podargus papuensis,2
Podargus strigoides,2
Podiceps auritus,6
Podiceps cristatus,12
Podiceps grisegena,5
Podiceps nigricollis,7
Podiceps ruficollis,1
Podicps grisegena,1
Podilymbus podiceps,5
Poecile atricapillus,3
Poecile carolinensis,3
Poecile cinctus,2
Poecile gambeli,3
Poecile hudsonicus,3
Poecile montana,1
Poecile montanus,2
Poecile palustris,3
Poecile rufescens,3
Poecile sclateri,2
Poecilodryas albispecularis,1
Poecilodryas superciliosa,2
Poephila acuticauda,1
Poephila acuticuauda,1
Poephila cincta,2
Poephila personata,2
Pogoniulus chrysoconus,1
Poicephalus cryptoxanthus,1
Poicephalus fuscicollis,1
Poliocephalus poliocephalus,2
Poliolimnas cinereus,1
Polioptila caerulea,4
Polioptila californica,3
Polioptila melanura,4
Polioptila nigriceps,2
Polioptila plumbea,1
Polyplectron bicalcaratum,1
Polysticta stelleri,4
Polytelis alexandrae,2
Polytelis anthopeplus,2
Polytelis swainsonii,2
Pomatorhinus ruficollis,1
Pomatostomus halli,2
Pomatostomus ruficeps,2
Pomatostomus superciliosus,2
Pomatostomus temporalis,2
Pomatrhinus erythrocnemis,1
Pooecetes gramineus,3
Porphyrio alleni,1
Porphyrio martinica,2
Porphyrio martinicus,2
Porphyrio poliocephalus,1
Porphyrio porphyrio,5
Porzana carolina,4
Porzana cinerea,1
Porzana fluminea,2
Porzana parva,2
Porzana porzana,4
Porzana pusilla,4
Porzana tabuensis,2
Prinia subflava,1
Prionodura newtoniana,1
Prionodura newtonianana,1
Prionops plumatus,1
Probisciger aterrimus,1
Probosciger aterrimus,1
Procellaria aequinoctialis,2
Procellaria aequioctialis,1
Procellaria cinerea,1
Procellaria parkinsoni,2
Procellaria westlandica,1
Procelsterna cerulea,1
Progne chalybea,1
Progne subis,3
Progne tapera,2
Protonotaria citrea,2
Protonotoria citrea,1
Prunella collaris,2
Prunella immaculata,1
Prunella modularis,8
Prunella montanella,2
Psaltriparus minimus,3
Psephotus chrysopterygius,1
Psephotus chrysopteygius,1
Psephotus dissimilis,1
Psephotus haematonotus,2
Psephotus pulcerrimus,1
Psephotus pulcherrimus,1
Psephotus varius,2
Pseudobulweria rostrata,1
Psilorhinus morio,3
Psiloscops flammeolus,3
Psittacara erythrogenys,2
Psittacara holochlorus,2
Psittacara leucophthalmus,2
Psittacara mitratus,2
Psittacula derbiana,1
Psittacula krameri,5
Psittacular krameri,1
Psitteuteles versicolor,2
Psophodes cristatus,2
Psophodes nigrogularis,2
Psophodes occidentalis,2
Psophodes olivaceus,2
Pternistis natalensis,1
Pternistis swainsonii,1
Pterocles alchat,1
Pterocles bicinctus,1
Pterocles orientalis,1
Pterodroa longirostris,1
Pterodroma arminjoniana,3
Pterodroma barui,1
Pterodroma cahow,2
Pterodroma cervicalis,1
Pterodroma cookii,2
Pterodroma externa,1
Pterodroma feae,3
Pterodroma hasitata,2
Pterodroma incerta,1
Pterodroma inexpectata,3
Pterodroma lessonii,1
Pterodroma leucoptera,1
Pterodroma macroptera,3
Pterodroma madeira,1
Pterodroma mollis,1
Pterodroma neglecta,1
Pterodroma nigripennis,1
Pterodroma sandwichensis,2
Pterodroma solandri,2
Pterodroma ultima,2
Pteroglossus torquatus,1
Pterorhinus sannio,1
Ptilinopus cinctus,2
Ptilinopus magnificus,2
Ptilinopus regina,2
Ptilinopus superbus,2
Ptiliogonys cinereus,1
Ptilogonys cinereus,1
Ptilonorhynchus violaceus,2
Ptilopsis granti,1
Ptiloris magnificus,2
Ptiloris paradiseus,2
Ptiloris victoriae,2
Ptychoramphus aleuticus,3
Ptyonoprogne rupestris,1
Puffinus assimilis,1
Puffinus baroli,3
Puffinus bulleri,2
Puffinus carneipes,2
Puffinus creatopus,2
Puffinus gavia,1
Puffinus gravis,3
Puffinus griseus,4
Puffinus huttoni,1
Puffinus Iherminieri,2
Puffinus lherminieri,1
Puffinus mauretanicus,2
Puffinus opisthomelas,1
Puffinus opsthomelas,1
Puffinus pacificus,2
Puffinus puffinus,9
Puffinus tenuirostris,2
Pulsatrix perspicillata,1
Purpureicephalus spurius,2
Pycnonotus ariceps,1
Pycnonotus cafer,1
Pycnonotus jocosus,5
Pycnonotus sinensis,1
Pycnonotus tricolor,1
Pycnoptilus floccosus,2
Pygoscelis adelidae,1
Pygoscelis antarctica,1
Pygoscelis papua,1
Pylloscopus pulcher,1
Pyonoprogne rupestris,1
Pyrocephalus rubinus,4
Pyrrhocorax,1
Pyrrhocorax graculus,2
Pyrrhocorax pyrrhocorax,5
Pyrrholaemus brunneus,1
Pyrrhula phrrhula,1
Pyrrhula pyrrhula,9
Pyrrhuloxia sinuata,1
Quiscalus major,3
Quiscalus mexicanus,3
Quiscalus quiscula,3
Rallina fasciata,2
Rallina tricolor,2
Rallus aquaticus,6
Rallus crepitans,2
Rallus elegans,3
Rallus limicola,3
Rallus longirostris,1
Rallus obsoletus,3
Rallus pectoralis,1
Ramphastos sulfuratus,1
Ramphocaenus rufiventris,1
Ramphocelus passerinii,1
Ramsayornis fasciatus,2
Ramsayornis modestus,2
Recurvirostra americana,3
Recurvirostra avosetta,9
Recurvirostra novaehollandiae,2
Regulus calendula,3
Regulus ignicapilla,2
Regulus ignicapillus,4
Regulus regulus,9
Regulus satrapa,3
Remiz pendulinus,2
Rhidipura fuliginosa,1
Rhidipura leucophrys,1
Rhidipura rudifrons,1
Rhidipura rufiventris,1
Rhinopomastus cyanomelas,1
Rhinoptilus chalcopterus,1
Rhinoptyx clamator,1
Rhipidura fuliginosa,1
Rhipidura leucophrys,1
Rhipidura phasiana,1
Rhipidura rufifrons,1
Rhipidura rufiventris,1
Rhodinocichla rosea,1
Rhodostethia rosea,5
Rhodothraupis celaeno,2
Rhynchocyclus brevirostris,1
Rhynchophanes mccownii,3
Rhynchopsitta pachyrhyncha,3
Rhytipterna holerythra,1
Richmondena cardinalis,1
Ridgwayia pinicola,3
Riparia riparia,11
Rissa brevirostris,2
Rissa tridactyla,11
Rostratula benghalensis,2
Rostrhamus sociabilis,3
Rupornis magnirostris,1
Rynchops niger,3
Sagittarius serpentarius,1
Salpinctes obsoletus,4
Saltator atriceps,1
Saltator coerulescens,1
Saltator maximus,1
Saxicola maurus,1
Saxicola rubetra,7
Saxicola rubicola,1
Saxicola torquata,6
Saxicola torquatus,3
Sayornis nigricans,3
Sayornis phoebe,3
Sayornis saya,3
Scaphidura oryzivora,1
Scardafella inca,1
Scenopoeetes dentirostris,2
Schiffornis turdinus,1
Scleroptila shelleyi,1
Sclerurus guatemalensis,1
Sclerurus mexicanus,1
Scolopax minor,3
Scolopax rusticola,7
Scopus umbretta,1
Scotopelia peli,1
Scythrops novaehollandiae,2
Seicercus valentini,1
Seiurus aurocapilla,4
Selasphorus calliope,3
Selasphorus platycercus,3
Selasphorus rufus,3
Selasphorus sasin,3
Sericornis beccarii,2
Sericornis brunneus,1
Sericornis cautus,1
Sericornis citreogularis,2
Sericornis frontalis,2
Sericornis fuliginosus,1
Sericornis humilis,1
Sericornis keri,2
Sericornis magnirostris,2
Sericornis magnus,1
Sericornis pyrrhopygius,1
Sericornis sagittatus,1
Sericulus chrysocephalus,2
Serinus citrinella,1
Serinus mozambicus,1
Serinus serinus,6
Serna bengalensis,1
Setophaga americana,4
Setophaga caerulescens,3
Setophaga castanea,3
Setophaga cerulea,3
Setophaga chrysoparia,3
Setophaga citrina,3
Setophaga coonata,1
Setophaga coronata,3
Setophaga discolor,3
Setophaga dominica,3
Setophaga fusca,4
Setophaga graciae,3
Setophaga kirtlandii,3
Setophaga magnolia,3
Setophaga nigrescens,3
Setophaga occidentalis,3
Setophaga palmarum,3
Setophaga pensylvanica,3
Setophaga petechia,4
Setophaga pinus,3
Setophaga pitiayumi,2
Setophaga ruticilla,4
Setophaga striata,4
Setophaga tigrina,2
Setophaga townsendi,3
Setophaga virens,3
Sialia currucoides,3
Sialia mexicana,3
Sialia sialis,4
Sicalis luteola,1
Sitta canadensis,3
Sitta carolenensis,1
Sitta carolinensis,2
Sitta europaea,10
Sitta krueperi,1
Sitta neumayer,1
Sitta pusilla,3
Sitta pygmaea,3
Sitta whiteheadi,1
Sittasomus griseicapillus,1
Siva cyanouroptera,1
Smaragdolanius pulchellus,1
Smicrornis brevirostris,2
Smooth-billed Ani,1
Somateria fischeri,2
Somateria mollissima,9
Somateria spectabilis,4
Southern Emu-wren,1
Spatula clypeata,1
Spatula cyanoptera,1
Spatula discors,1
Spermestes cucullata,1
Sphecotheres viridis,2
Spheniscus magellanicus,1
Sphyrapicus nuchalis,3
Sphyrapicus ruber,3
Sphyrapicus thyroideus,3
Sphyrapicus varius,3
Spindalis zena,3
Spinus atriceps,1
Spinus lawrencei,3
Spinus pinus,2
Spinus psaltria,3
Spinus spinus,2
Spinus tristis,3
Spiza americana,3
Spizaetus ornatus,1
Spizaetus tyrannus,1
Spizella arborea,1
Spizella atrogularis,3
Spizella breweri,3
Spizella pallida,3
Spizella passerina,3
Spizella pusilla,3
Spizelloides arborea,2
Spizixos crinifrons,1
Spnus spinus,1
Sporophila aurita (corvina),1
Sporophila minuta,1
Sporophila torqueola,3
Stachyris chrysaea,1
Stachyris nigriceps,1
Stachyris striolata,1
Stactocichla merulina,1
Stagonopleura bella,1
Stagonopleura bellum,1
Stagonopleura guttata,2
Stagonopleura oculata,2
Staphida castaniceps,1
Steganopus tricolor,1
Stelgidopteryx serripennis,2
Stelgiopteryx serripennis,1
Stercorarius longicaudus,6
Stercorarius maccormicki,2
Stercorarius parasiticus,9
Stercorarius pomarinus,6
Stercorarius skua,5
Sterna albifrons,7
Sterna anaethetus,1
Sterna bengalensis,2
Sterna bergii,1
Sterna caspia,2
Sterna dougallii,9
Sterna forsteri,3
Sterna fosteri,1
Sterna fuscata,2
Sterna hirundo,14
Sterna nereis,1
Sterna nilotica,1
Sterna paradisaea,11
Sterna sandvicensis,8
Sterna striata,2
Sterna sumantrana,1
Sterna vittata,1
Sternula albifrons,2
Sternula antillarum,3
Stictonetta naevosa,1
Stiltia isabella,1
Stipiturus malachrus,1
Stipiturus mallee,1
Stipiturus ruficeps,2
Stophaga tigrina,1
Strepera fuliginosa,2
Strepera graculina,2
Strepera versicolor,2
Strepopelia decaocto,1
Streptopelia capicola,1
Streptopelia chinensis,4
Streptopelia decaocto,11
Streptopelia decipiens,1
Streptopelia orientalis,4
Streptopelia roseogrisea,2
Streptopelia semitorquata,1
Streptopelia senegalensis,4
Streptopelia tranquebarica,1
Streptopelia turtur,8
Streptoprocne zonaris,3
Streptpelia chinensis,1
Strix aluco,9
Strix fulvescens,1
Strix nebulosa,4
Strix occidentalis,3
Strix uralensis,1
Strix varia,3
Strix woodfordii,1
Strna paradisaea,1
Struthidea cinerea,2
Struthio camelus,2
Sturnella magna,3
Sturnella neglecta,3
Sturnus roseus,1
Sturnus sinensis,1
Sturnus unicolor,1
Sturnus vulgaris,15
Sula bassana,3
Sula dactylatra,4
Sula granti,1
Sula leucogaster,4
Sula nebouxii,3
Sula sula,4
Surnia ulula,5
Suthora verreauxi,1
Suthora webbianus,1
Sylvia atricapilla,9
Sylvia borin,8
Sylvia cantillans,2
Sylvia communis,9
Sylvia conspicillata,2
Sylvia curruca,7
Sylvia hortensis,3
Sylvia inornata,1
Sylvia melanocephala,3
Sylvia mystacea,1
Sylvia nana,2
Sylvia nisoria,3
Sylvia ruepelli,1
Sylvia rueppelli,1
Sylvia sarda,2
Sylvia undata,5
Sylvietta rufescens,1
Syma torotoro,2
Synallaxis erythrothorax,1
Synthliboramphus antiquus,3
Synthliboramphus craveri,2
Synthliboramphus hypoleucus,2
Synthliboramphus scrippsi,2
Syrrhaptes paradoxus,2
Tachybaptus dominicus,3
Tachybaptus novaehollandiae,1
Tachybaptus novaehollandidae,1
Tachybaptus ruficollis,9
Tachycineta (Iridoprocne) albilinea,1
Tachycineta albilinea,1
Tachycineta bicolor,3
Tachycineta cyaneoviridis,2
Tachycineta thalassina,3
Tadorna ferruginea,3
Tadorna radjah,2
Tadorna tadorna,8
Tadorna tadornoides,1
Taeniopygia bichenovii,2
Taeniopygia guttata,2
Tangara cabanisi,1
Tangara larvata,1
Tanysiptera galatea,1
Tanysiptera sylvia,2
Tapera naevia,1
Taraba major,1
Tarsiger cyanurus,3
Tasiger cyanurus,1
Tchagra australis,1
Tchagra senegalus,1
Tchymarptis (Apus) melba,1
Temnurus temnurus,1
Teraogallus himalayensis,1
Terenotriccus erythrurus,1
Terpsiphone viridis,1
Tetrao tetrix,4
Tetrao urogallus,4
Tetraogallus himalayensis,1
Tetrax tetrax,2
Thalassarche cauta,1
Thalassarche chlororhynchos,2
Thalassarche eremita,1
Thalassarche melanophris,2
Thalassarche melanphris,1
Thalassarche salvini,1
Thalasseus elegans,3
Thalasseus maximus,3
Thalasseus sandvicensis,3
Thalassoica antarctica,1
Thalurania furcata,1
Thamnistes anabatinus,1
Thamnolaea cinnamomeiventris,1
Thamnophilus doliatus,1
Thamnophilus punctatus,1
Thectocercus acuticaudatus,2
Thraupis abbas,1
Thraupis episcopus,1
Threskiornis aethiopicus,1
Threskiornis molucca,1
Threskiornis spinicollis,2
Threskiorns aethiopica,1
Thryomanes bewickii,3
Thryophilus sinaloa,2
Thryothorus bewickii,1
Thryothorus felix,1
Thryothorus ludovicianus,4
Thryothorus maculipectus,1
Thryothorus modestus,1
Thryothorus pleurostictus,1
Thryothorus rufalbus,1
Tiaris bicolor,2
Tiaris olivacea,1
Tiaris olivaceus,2
Tichodroma muraria,2
Tigrisoma lineatum,1
Tigrisoma mexicanum,1
Tinamus major,1
Tinga hypoleucos,1
Tityra inquisitor,1
Tityra semifasciata,1
Tockus alboterminatus,1
Tockus leucomelas,1
Tockus nasutus,1
Tockus rufirostris,1
Todiramphus chloris,1
Todiramphus macleayii,1
Todiramphus pyrrhopygia,1
Todiramphus sanctus,1
Todirostrum cinereum,1
Todirostrum sylvia,1
Tolmomyias sulphurescens,1
Toxostoma bendirei,3
Toxostoma crissale,3
Toxostoma curvirostre,4
Toxostoma lecontei,3
Toxostoma longirostre,4
Toxostoma ocellatum,1
Toxostoma redivivum,3
Toxostoma rufum,3
Trachyphonus vaillantii,1
Tregellasia capita,1
Tregellasia capito,1
Tregellasia leucops,1
Tregellasia leucps,1
Trichodere cockerelli,2
Trichoglossus chlorolepidotus,2
Trichoglossus haematodus,2
Trichoglossus rubritorquis,1
Tricholaema leucomelas,1
Tringa (Actitis) hypoleucos,1
Tringa (Xenus) cinereus,1
Tringa brevipes,3
Tringa erythropus,9
Tringa flavipes,7
Tringa glareola,10
Tringa Glareola,1
Tringa guttifer,2
Tringa incana,4
Tringa melanoleuca,6
Tringa nebularia,13
Tringa ochropus,10
Tringa semipalmata,3
Tringa solitaria,5
Tringa stagnatilis,6
Tringa totanus,12
Trochalopteron affine,1
Trochalopteron subunicolor,1
Troglodytes aedon,4
Troglodytes hiemalis,3
Troglodytes muculus,1
Troglodytes pacificus,3
Troglodytes rufociliatus,1
Troglodytes troglodytes,9
Trogon citreolus,1
Trogon collaris,1
Trogon elegans,4
Trogon massena,1
Trogon mexicanus,1
Trogon violaceus,1
Tryngites subruficollis,4
Turdus assimilis,3
Turdus atrogularis,1
Turdus eunomus,2
Turdus grayi,3
Turdus iliacus,11
Turdus infuscatus,1
Turdus libonyanus,1
Turdus litsitsirupa,1
Turdus mandarinus,1
Turdus merula,11
Turdus migratorius,6
Turdus naumanni,3
Turdus obscurus,5
Turdus philomelos,11
Turdus pilaris,11
Turdus plebejus,1
Turdus ruficollis atrogularis,1
Turdus rufitorques,1
Turdus rufopalliatus,3
Turdus torquatus,6
Turdus viscivorus,9
Turnix castanota,1
Turnix maculosa,1
Turnix melanogaster,1
Turnix olivii,1
Turnix pyrrhothorax,1
Turnix sylvatica,1
Turnix sylvaticus,1
Turnix varia,1
Turnix velox,1
Turtur chalcospilos,1
Turtur tympanistria,1
Tympanuchus cupido,3
Tympanuchus pallidicinctus,3
Tympanuchus phasianellus,3
Tyranniscus vilissimus,1
Tyrannus caudiasciatus,1
Tyrannus caudifasciatus,1
Tyrannus couchii,3
Tyrannus crassirostris,3
Tyrannus dominicensis,2
Tyrannus forficatus,3
Tyrannus melancholicus,4
Tyrannus savana,2
Tyrannus tyrannus,3
Tyrannus verticalis,4
Tyrannus vociferans,4
Tyto alba,15
Tyto capensis,1
Tyto capnsis,1
Tyto multipunctata,2
Tyto novaehollandiae,1
Tyto novaeollandiae,1
Tyto tenebricosa,2
Upupa africana,1
Upupa epops,7
Uraeginthus angolensis,1
Uraeginthus granatinus,1
Uria aalge,10
Uria lomvia,5
Urocissa erythrorhyncha,1
Urocolius indicus,1
Uropsila leucogastra,1
Vanellus coronatus,1
Vanellus gregarius,1
Vanellus indicus,1
Vanellus leucurus,1
Vanellus lugubris,1
Vanellus miles,2
Vanellus vanellus,11
Venellus tricolor,1
Veniliornis fumigatus,1
Vermivora chrysoptera,3
Vermivora cyanoptera,3
Vermivora superciliosa,1
Vidua macroura,1
Vireo altiloquus,3
Vireo aolivaceus,2
Vireo atricapilla,3
Vireo bairdi,1
Vireo bellii,3
Vireo cassinii,3
Vireo crassirostris,2
Vireo flavifrons,3
Vireo flavoviridis,2
Vireo gilvus,3
Vireo griseus,3
Vireo huttoni,3
Vireo hypochryseus,1
Vireo leucophrys,1
Vireo magister,1
Vireo olivaceus,2
Vireo pallens,1
Vireo philadelphicus,4
Vireo plumbeus,3
Vireo solitarius,4
Vireo vicinior,3
Volatinia jacarina,1
Vreo flavoviridis,1
Xanthocephalus xanthocephalus,3
Xanthomyza phrygia,2
Xanthotis flaviventer,2
Xanthotis macleayana,2
Xema sabini,4
Xenops minutus,1
Xenospiza baileyi,1
Xenotriccus callizonus,1
Xenus cinereus,6
Xiphocalaptes promeropirhynchus,1
Xiphorhynchus erythropygius,1
Xiphorhynchus flavigaster,1
Xiphorhynchus guttatus,1
Yuhina gularis,1
Yuhina nigrimenta,1
Yuhina occipitalis,1
Zanaida macroura,1
Zarhynchus wagleri,1
Zenaida asiatica,4
Zenaida aurita,3
Zenaida macroura,2
Zenaida marowura,1
Zonotrichia albicollis,4
Zonotrichia atricapilla,3
Zonotrichia capensis,1
Zonotrichia leucophhrys,1
Zonotrichia leucophrys,4
Zonotrichia querula,3
Zoothera citrina,1
Zoothera dauma,3
Zoothera heinei,1
Zoothera lunulata,1
Zoothera mollissima,1
Zoothera sibiricus,1
Zosterops citrinella,1
Zosterops citrinellus,1
Zosterops lateralis,2
Zosterops lutea,1
Zosterops luteus,1
Zosterops virens,1
